issn,name,h_index,publication_type,sjr_rank,sjr_quartile
1364-8535,Critical Care,185,Journals,3.218,Q1
1465-993X,Respiratory Research,114,Journals,1.813,Q1
1364-8535,Critical Care,185,Journals,3.218,Q1
1465-993X,Respiratory Research,114,Journals,1.813,Q1
1471-2458,BMC Public Health,159,Journals,1.156,Q1
1476-0711,British Journal of Pharmacology,223,Journals,1.993,Q1
1932-6203,PLoS ONE,367,Journals,0.852,Q1
1750-1172,Orphanet Journal of Rare Diseases,118,Journals,1.105,Q1
1381-6128,Current Pharmaceutical Design,166,Journals,0.571,Q2
1110-7251,NA,NA,NA,NA,NA
1549-1676,PLoS Medicine,242,Journals,4.180,Q1
1935-2735,PLoS Neglected Tropical Diseases,143,Journals,1.450,Q1
2042-6410,Biology of Sex Differences,47,Journals,1.988,Q1
1471-2466,BMC Pulmonary Medicine,66,Journals,0.902,Q2
1471-2172,BMC Immunology,63,Journals,0.828,Q3
1743-422X,Virology Journal,88,Journals,1.091,Q2
1553-7358,PLoS Computational Biology,191,Journals,1.960,Q1
1471-2334,BMC Infectious Diseases,112,Journals,1.042,Q2
2090-3022,NA,NA,NA,NA,NA
1745-6215,Trials,84,Journals,0.865,Q2
0974-2700,"Journal of Emergencies, Trauma and Shock",31,Journals,0.319,Q2
0070-217X,Current Topics in Microbiology and Immunology,125,Journals,0.138,Q4
2110-5820,Annals of Intensive Care,60,Journals,2.219,Q1
1471-230X,BMC Gastroenterology,80,Journals,0.737,Q2
1475-2875,Malaria Journal,109,Journals,1.307,Q1
1752-1947,Journal of Medical Case Reports,34,Journals,0.289,Q3
1664-3224,Frontiers in Immunology,155,Journals,2.331,Q1
2162-2531,Molecular Therapy - Nucleic Acids,71,Journals,1.852,Q1
1742-6405,AIDS Research and Therapy,43,Journals,0.827,Q3
1664-302X,Frontiers in Microbiology,166,Journals,1.314,Q1
1424-8220,Sensors,196,Journals,0.803,Q2
1553-7374,PLoS Pathogens,219,Journals,2.596,Q1
1389-2029,Current Genomics,68,Journals,0.596,Q3
1177-8881,"Drug Design, Development and Therapy",71,Journals,0.784,Q2
1615-9853,Proteomics,172,Journals,1.162,Q2
1178-704X,Application of Clinical Genetics,35,Journals,0.508,Q3
1750-2187,Journal of Molecular Signaling,33,Journals,0.399,Q4
1757-6512,Stem Cell Research and Therapy,90,Journals,1.330,Q1
1933-0219,Mucosal Immunology,112,Journals,3.248,Q1
2045-9912,Medical Gas Research,27,Journals,0.449,Q3
1438-8871,Journal of Medical Internet Research,158,Journals,1.736,Q1
2072-6694,Cancers,92,Journals,1.349,Q1
0091-6749,Journal of Allergy and Clinical Immunology,307,Journals,3.810,Q1
2141-9248,NA,NA,NA,NA,NA
1751-7915,Microbial Biotechnology,85,Journals,1.106,Q1
1582-1838,Journal of Cellular and Molecular Medicine,138,Journals,1.081,Q2
1660-4601,International Journal of Environmental Research and Public Health,138,Journals,0.814,Q2
1664-2392,Frontiers in Endocrinology,83,Journals,1.375,Q1
2073-4409,Cells,66,Journals,1.452,Q1
1423-0127,Journal of Biomedical Science,93,Journals,2.449,Q1
1178-7066,Pharmacogenomics and Personalized Medicine,31,Journals,0.683,Q2
0007-1188,British Journal of Pharmacology,223,Journals,1.993,Q1
1664-042X,Frontiers in Physiology,122,Journals,1.126,Q1
1424-8247,Pharmaceuticals,69,Journals,0.851,Q1
1920-8642,World Journal of Emergency Medicine,4,Journals,0.168,Q4
1939-4551,World Allergy Organization Journal,44,Journals,1.140,Q1
1742-2094,Journal of Neuroinflammation,126,Journals,2.286,Q1
1545-7885,PLoS Biology,281,Journals,3.928,Q1
2328-8957,Open Forum Infectious Diseases,45,Journals,1.317,Q1
1472-6939,BMC Medical Ethics,50,Journals,0.832,Q1
1744-8603,Globalization and Health,61,Journals,2.036,Q1
1999-4915,Viruses,101,Journals,1.463,Q2
2051-817X,Physiological Reports,46,Journals,0.736,Q2
1756-9966,Journal of Experimental and Clinical Cancer Research,95,Journals,2.350,Q1
2045-3701,Cell and Bioscience,56,Journals,1.662,Q1
1741-7015,BMC Medicine,155,Journals,3.405,Q1
2045-2322,Scientific Reports,242,Journals,1.005,Q1
2046-4053,Systematic Reviews,68,Journals,0.947,Q1
1663-9812,Frontiers in Pharmacology,104,Journals,1.143,Q1
1479-5876,Journal of Translational Medicine,121,Journals,1.570,Q1
1824-7288,Italian Journal of Pediatrics,46,Journals,0.665,Q2
2372-7705,Molecular Therapy - Oncolytics,29,Journals,1.530,Q1
1471-2288,BMC Medical Research Methodology,135,Journals,1.933,Q1
1449-2288,International Journal of Biological Sciences,98,Journals,1.861,Q1
1817-1737,Annals of Thoracic Medicine,38,Journals,0.486,Q2
1179-1594,Risk Management and Healthcare Policy,29,Journals,0.556,Q2
1472-6963,BMC Health Services Research,122,Journals,0.997,Q1
1677-5538,International braz j urol : official journal of the Brazilian Society of Urology,41,Journals,0.487,Q2
1750-2640,Influenza and other Respiratory Viruses,64,Journals,1.637,Q1
2194-7791,Molecular and Cellular Pediatrics,4,Journals,1.184,Q1
0025-7974,Medicine (United States),155,Journals,0.470,Q3
1422-0067,International Journal of Molecular Sciences,195,Journals,1.176,Q1
1472-6882,BMC Complementary and Alternative Medicine,0,Journals,0.741,Q2
2049-6958,Multidisciplinary Respiratory Medicine,33,Journals,0.625,Q2
1758-9193,Alzheimer's Research and Therapy,77,Journals,2.315,Q1
1476-9255,Journal of Inflammation,56,Journals,1.172,Q1
2352-3964,EBioMedicine,79,Journals,2.663,Q1
1472-6793,BMC Physiology,46,Journals,0.236,Q4
0970-2113,Lung India,29,Journals,0.360,Q3
1471-2369,BMC Nephrology,62,Journals,0.759,Q2
1838-7640,Theranostics,115,Journals,2.061,Q1
1662-5099,Frontiers in Molecular Neuroscience,75,Journals,1.581,Q1
2329-0501,Molecular Therapy - Methods and Clinical Development,42,Journals,1.819,Q1
2158-3188,Translational Psychiatry,96,Journals,2.076,Q1
1949-2553,Oncotarget,148,Journals,0.966,Q2
1756-8722,Journal of Hematology and Oncology,102,Journals,4.241,Q1
2235-2988,Frontiers in Cellular and Infection Microbiology,87,Journals,1.389,Q1
0011-393X,Current Therapeutic Research,42,Journals,0.487,Q3
2374-2895,Academic Pathology,10,Journals,0.354,Q3
2076-3425,Brain Sciences,44,Journals,0.727,Q3
1178-2013,International Journal of Nanomedicine,145,Journals,1.032,Q1
0973-1296,Pharmacognosy Magazine,42,Journals,0.345,Q2
2296-2360,Frontiers in Pediatrics,48,Journals,0.850,Q1
1477-3155,Journal of Nanobiotechnology,84,Journals,1.557,Q1
2050-084X,eLife,161,Journals,4.752,Q1
2059-0105,npj Vaccines,30,Journals,2.953,Q1
2306-7381,Veterinary Sciences,19,Journals,0.520,Q1
2167-8359,PeerJ,83,Journals,0.766,Q3
2197-425X,Intensive Care Medicine Experimental,4,Journals,0.357,Q2
2352-5517,Practical Laboratory Medicine,13,Journals,0.364,Q3
1869-4101,Insights into Imaging,47,Journals,1.253,Q1
2045-7634,Cancer Medicine,65,Journals,1.144,Q1
2398-502X,Wellcome Open Research,29,Journals,1.777,Q1
2041-1723,Nature Communications,410,Journals,4.846,Q1
2296-858X,Frontiers in Medicine,54,Journals,1.179,Q1
2379-5077,mSystems,54,Journals,2.144,Q1
2307-8960,World Journal of Clinical Cases,18,Journals,0.380,Q3
2227-9059,Biomedicines,38,Journals,0.874,Q1
1471-2407,BMC Cancer,139,Journals,1.134,Q2
1097-2765,Molecular Cell,414,Journals,9.959,Q1
1470-7330,Cancer Imaging,52,Journals,1.076,Q1
1389-2002,Current Drug Metabolism,111,Journals,0.620,Q2
1420-3049,Molecules,171,Journals,0.705,Q2
2076-3271,NA,NA,NA,NA,NA
2291-5222,JMIR mHealth and uHealth,68,Journals,1.362,Q1
1749-799X,Journal of Orthopaedic Surgery and Research,55,Journals,0.706,Q1
2296-2646,Frontiers in Chemistry,69,Journals,0.940,Q1
1740-4398,Drugs in Context,26,Journals,1.130,Q1
2452-302X,JACC: Basic to Translational Science,40,Journals,2.879,Q1
1664-2295,Frontiers in Neurology,80,Journals,1.027,Q1
2414-6366,Tropical Medicine and Infectious Disease,24,Journals,0.924,Q1
1179-1322,Cancer Management and Research,48,Journals,0.729,Q2
1687-9678,Stem Cells International,77,Journals,0.925,Q2
2077-0383,Journal of Clinical Medicine,75,Journals,1.040,Q1
2379-5042,mSphere,49,Journals,1.376,Q2
1471-2393,BMC Pregnancy and Childbirth,92,Journals,0.960,Q1
2051-1426,Journal for ImmunoTherapy of Cancer,80,Journals,3.450,Q1
1471-2431,BMC Pediatrics,83,Journals,0.676,Q2
2211-5943,Hospital Medicine Clinics,4,Journals,0.108,Q4
2076-393X,Vaccines,50,Journals,1.004,Q1
2046-1402,F1000Research,72,Journals,0.939,Q1
2056-9920,International Journal of Retina and Vitreous,22,Journals,0.814,Q2
2059-7908,BMJ Global Health,48,Journals,2.263,Q1
2072-6643,Nutrients,143,Journals,1.287,Q1
2575-1077,Life Science Alliance,22,Journals,2.318,Q1
2222-1751,Emerging Microbes and Infections,68,Journals,3.322,Q1
0974-7796,Urology Annals,22,Journals,0.299,Q3
2054-9369,Military Medical Research,25,Journals,2.277,Q1
1880-8190,Inflammation and Regeneration,27,Journals,1.695,Q1
1929-0748,JMIR Research Protocols,33,Journals,0.441,Q3
2234-943X,Frontiers in Oncology,102,Journals,1.291,Q1
2046-2441,Open Biology,60,Journals,2.237,Q1
2311-7710,Journal of Advanced Veterinary and Animal Research,12,Journals,0.337,Q2
2399-6641,BMJ Open Quality,12,Journals,0.475,Q3
0140-6736,"Lancet, The",807,Journals,15.652,Q1
2196-3029,Current Transplantation Reports,20,Journals,0.396,Q3
2405-8440,Heliyon,46,Journals,0.550,Q1
2476-762X,NA,NA,NA,NA,NA
1871-5257,Cardiovascular and Hematological Agents in Medicinal Chemistry,40,Journals,0.409,Q3
1995-820X,NA,NA,NA,NA,NA
2052-0492,Journal of Intensive Care,40,Journals,1.235,Q1
2509-9280,European radiology experimental,20,Journals,1.049,Q1
1756-994X,Genome Medicine,100,Journals,5.067,Q1
2076-0817,Pathogens,48,Journals,0.901,Q2
1749-8090,Journal of Cardiothoracic Surgery,49,Journals,0.345,Q3
1471-2253,BMC Anesthesiology,44,Journals,0.620,Q2
2200-6133,NA,NA,NA,NA,NA
2589-5559,JHEP Reports,19,Journals,2.835,Q1
2059-3635,Signal Transduction and Targeted Therapy,53,Journals,5.157,Q1
2047-2994,Antimicrobial Resistance and Infection Control,46,Journals,1.286,Q1
2055-5784,Pilot and Feasibility Studies,21,Journals,0.600,Q2
2050-6511,BMC pharmacology & toxicology,34,Journals,0.497,Q3
1749-7922,World Journal of Emergency Surgery,51,Journals,1.736,Q1
1472-6831,Boundary-Layer Meteorology,117,Journals,1.101,Q2
1475-2859,Microbial Cell Factories,106,Journals,1.113,Q1
2049-9957,Infectious Diseases of Poverty,46,Journals,1.770,Q1
1756-3305,Parasites and Vectors,92,Journals,1.089,Q1
1999-4923,Pharmaceutics,68,Journals,0.922,Q1
1613-2238,NA,NA,NA,NA,NA
0889-8529,Endocrinology and Metabolism Clinics of North America,108,Journals,1.263,Q1
0002-9629,American Journal of the Medical Sciences,92,Journals,0.628,Q2
0011-5029,Disease-a-Month,42,Journals,0.678,Q2
0012-3692,Chest,302,Journals,2.264,Q1
0021-7557,Jornal de Pediatria,55,Journals,0.658,Q2
0025-7125,Medical Clinics of North America,90,Journals,1.337,Q1
0014-5793,FEBS Letters,266,Journals,1.263,Q2
2056-676X,Nature Reviews Disease Primers,128,Journals,8.409,Q1
2058-5276,Nature Microbiology,102,Journals,9.690,Q1
0012-6667,Drugs,171,Journals,2.081,Q1
1534-6250,NA,NA,NA,NA,NA
1530-9932,AAPS PharmSciTech,101,Journals,0.594,Q2
1175-6365,American Journal of Respiratory Medicine,32,Journals,1.279,Q1
2161-332X,NA,NA,NA,NA,NA
2196-2979,Current Behavioral Neuroscience Reports,23,Journals,0.648,Q2
2167-4817,Current Surgery Reports,9,Journals,0.160,Q4
1526-8209,Clinical Breast Cancer,70,Journals,0.824,Q2
1876-0341,Journal of Infection and Public Health,46,Journals,1.277,Q1
2059-8661,Journal of Clinical and Translational Science,2,Journals,0.130,Q4
1939-8654,Journal of Medical Imaging and Radiation Sciences,15,Journals,0.276,Q3
1569-1993,Journal of Cystic Fibrosis,81,Journals,1.818,Q1
1546-1440,Journal of the American College of Radiology,64,Journals,1.183,Q1
2047-783X,European Journal of Medical Research,60,Journals,0.725,Q2
0032-5791,Poultry Science,152,Journals,0.982,Q1
1460-2377,International Immunology,138,Journals,1.537,Q1
0008-6363,Cardiovascular Research,228,Journals,2.711,Q1
1460-2091,Journal of Antimicrobial Chemotherapy,203,Journals,1.495,Q1
1094-9194,Veterinary Clinics of North America - Exotic Animal Practice,40,Journals,0.315,Q2
1083-8791,Biology of Blood and Marrow Transplantation,126,Journals,1.397,Q1
0031-3955,Pediatric Clinics of North America,90,Journals,0.741,Q1
0163-7258,Pharmacology and Therapeutics,211,Journals,3.085,Q1
0272-5231,Clinics in Chest Medicine,87,Journals,0.833,Q2
0301-0082,Progress in Neurobiology,239,Journals,3.052,Q1
1658-3876,Hematology/ Oncology and Stem Cell Therapy,25,Journals,0.457,Q3
1673-8527,Journal of Genetics and Genomics,63,Journals,1.079,Q2
0149-2918,Clinical Therapeutics,140,Journals,0.824,Q2
0065-3101,Advances in Pediatrics,39,Journals,0.384,Q3
0095-4543,Primary Care - Clinics in Office Practice,49,Journals,0.564,Q2
0306-0225,Sub-Cellular Biochemistry,69,Journals,0.235,Q4
0927-3042,Cancer Treatment and Research,59,Book Series,0.191,Q4
0065-2598,Advances in Experimental Medicine and Biology,130,Journals,0.398,Q3
0002-9343,American Journal of Medicine,237,Journals,0.878,Q1
0378-8741,Journal of Ethnopharmacology,205,Journals,0.801,Q2
0895-4356,Journal of Clinical Epidemiology,223,Journals,3.108,Q1
0270-9295,Seminars in Nephrology,92,Journals,1.364,Q1
0166-3542,Antiviral Research,134,Journals,2.213,Q1
0264-410X,Vaccine,191,Journals,1.392,Q1
1473-3099,"Lancet Infectious Diseases, The",255,Journals,10.236,Q1
1198-743X,Clinical Microbiology and Infection,167,Journals,3.111,Q1
1879-6257,Survey of Ophthalmology,137,Journals,2.063,Q1
1046-2023,Methods,155,Journals,1.392,Q2
2214-109X,"Lancet Global Health,The",107,Journals,8.845,Q1
1556-0864,Journal of Thoracic Oncology,147,Journals,4.744,Q1
1386-6532,Journal of Clinical Virology,114,Journals,3.355,Q1
1053-0770,Journal of Cardiothoracic and Vascular Anesthesia,87,Journals,0.582,Q2
0169-409X,Advanced Drug Delivery Reviews,331,Journals,2.934,Q1
0161-6420,Ophthalmology,256,Journals,4.412,Q1
0195-6701,Journal of Hospital Infection,124,Journals,1.333,Q1
0924-8579,International Journal of Antimicrobial Agents,137,Journals,2.121,Q1
0891-5520,Infectious Disease Clinics of North America,101,Journals,1.395,Q1
0196-0644,IEEE Transactions on Geoscience and Remote Sensing,269,Journals,2.404,Q1
0884-2175,"JOGNN - Journal of Obstetric, Gynecologic, and Neonatal Nursing",77,Journals,0.510,Q1
0196-6553,American Journal of Infection Control,114,Journals,1.015,Q1
1478-6362,NA,NA,NA,NA,NA
1478-811X,Cell Communication and Signaling,70,Journals,1.710,Q1
2452-1094,Advances in Radiation Oncology,25,Journals,0.860,Q2
0923-7534,Annals of Oncology,258,Journals,8.590,Q1
1758-4310,HIV Therapy,12,Journals,0.359,Q3
1093-975X,Advances in Veterinary Medicine,18,Journals,0.416,Q2
1742-4690,Retrovirology,91,Journals,1.391,Q2
1043-4526,Advances in Food and Nutrition Research,62,Journals,0.591,Q2
2075-4426,Journal of Personalized Medicine,32,Journals,0.757,Q2
1433-7851,Angewandte Chemie - International Edition,579,Journals,5.126,Q1
0803-5253,"Acta Paediatrica, International Journal of Paediatrics",122,Journals,0.922,Q1
0006-3525,Biopolymers,129,Journals,0.508,Q2
0007-0963,British Journal of Dermatology,187,Journals,2.447,Q1
8756-7938,Biotechnology Progress,135,Journals,0.509,Q2
2572-7966,NA,NA,NA,NA,NA
0023-852X,Laryngoscope,157,Journals,1.167,Q1
1351-8216,Haemophilia,97,Journals,1.449,Q1
0146-6615,Journal of Medical Virology,137,Journals,2.656,Q1
0906-6713,Periodontology 2000,132,Journals,2.756,Q1
0951-418X,Phytotherapy Research,140,Journals,1.046,Q1
1751-2824,NA,NA,NA,NA,NA
2213-2600,"Lancet Respiratory Medicine,The",138,Journals,11.120,Q1
0165-2478,Immunology Letters,97,Journals,0.869,Q2
1743-9191,International Journal of Surgery,71,Journals,1.716,Q1
0168-8278,Journal of Hepatology,266,Journals,7.351,Q1
0302-2838,European Urology,230,Journals,6.184,Q1
1934-1482,PM and R,72,Journals,0.581,Q3
1558-0032,NA,NA,NA,NA,NA
1742-4933,Immunity and Ageing,50,Journals,1.697,Q1
1530-0374,Menopause,108,Journals,0.984,Q1
2472-0054,NA,NA,NA,NA,NA
0741-5214,Journal of Vascular Surgery,202,Journals,1.799,Q1
1323-7799,Respirology,94,Journals,1.265,Q1
2041-4889,Cell Death and Disease,128,Journals,2.099,Q1
1871-4021,Diabetes and Metabolic Syndrome: Clinical Research and Reviews,56,Journals,1.587,Q1
1098-3600,Genetics in Medicine,139,Journals,2.877,Q1
2167-6275,Current Anesthesiology Reports,6,Journals,0.216,Q3
2167-583X,Current Otorhinolaryngology Reports,15,Journals,0.240,Q3
2197-0378,Allergo Journal International,18,Journals,0.394,Q4
2274-5807,NA,NA,NA,NA,NA
2662-2211,NA,NA,NA,NA,NA
2196-3061,Current Treatment Options in Psychiatry,17,Journals,0.767,Q2
2162-4933,Current Dermatology Reports,15,Journals,0.384,Q3
2214-7829,Internet Interventions,38,Journals,1.096,Q1
2218-273X,Biomolecules,66,Journals,1.019,Q2
1471-2105,BMC Bioinformatics,218,Journals,1.246,Q2
1871-5214,NA,NA,NA,NA,NA
1177-5483,Clinical Ophthalmology,63,Journals,0.905,Q1
2363-6874,NA,NA,NA,NA,NA
2211-0607,NA,NA,NA,NA,NA
2631-3316,NA,NA,NA,NA,NA
1868-2561,NA,NA,NA,NA,NA
2197-7380,NA,NA,NA,NA,NA
1389-6946,NA,NA,NA,NA,NA
0147-4863,Advances in Microbial Ecology,11,Book Series,2.774,Q1
2192-1210,Deutsche Zeitschrift fur Philosophie,12,Journals,0.136,Q3
1875-1334,NA,NA,NA,NA,NA
2191-5555,NA,NA,NA,NA,NA
2197-9758,"Acta Physica Hungarica, Series A: Heavy Ion Physics",21,Journals,0.246,Q3
2215-1958,NA,NA,NA,NA,NA
0884-8289,International Series in Operations Research and Management Science,48,Book Series,0.125,Q4
2627-5341,NA,NA,NA,NA,NA
2520-1611,NA,NA,NA,NA,NA
1570-3010,NA,NA,NA,NA,NA
2197-8492,NA,NA,NA,NA,NA
2191-5717,NA,NA,NA,NA,NA
2197-5701,NA,NA,NA,NA,NA
1389-6903,NA,NA,NA,NA,NA
1861-9290,NA,NA,NA,NA,NA
2626-2398,NA,NA,NA,NA,NA
2211-9361,NA,NA,NA,NA,NA
2523-8892,NA,NA,NA,NA,NA
2196-551X,NA,NA,NA,NA,NA
1860-4811,NA,NA,NA,NA,NA
2363-9466,NA,NA,NA,NA,NA
2509-5560,NA,NA,NA,NA,NA
2283-6403,NA,NA,NA,NA,NA
2213-7122,NA,NA,NA,NA,NA
2367-1025,NA,NA,NA,NA,NA
2198-7785,NA,NA,NA,NA,NA
2197-1196,NA,NA,NA,NA,NA
2522-8706,NA,NA,NA,NA,NA
0889-8561,Immunology and Allergy Clinics of North America,68,Journals,0.893,Q2
2352-6211,NA,NA,NA,NA,NA
0196-4399,Clinical Microbiology Newsletter,23,Journals,0.302,Q4
0958-6946,International Dairy Journal,148,Journals,0.699,Q1
1041-7826,Advances in Small Animal Medicine and Surgery,2,Journals,0.106,Q4
1431-8776,NA,NA,NA,NA,NA
1464-2662,HIV Medicine,82,Journals,0.936,Q1
1479-3709,Advances in Bioethics,8,Book Series,0.116,Q4
1541-4337,Comprehensive Reviews in Food Science and Food Safety,130,Journals,2.562,Q1
0272-4391,Drug Development Research,62,Journals,0.552,Q3
2475-8817,Peptide Science,11,Journals,0.628,Q2
1431-1917,NA,NA,NA,NA,NA
1081-1206,"Annals of Allergy, Asthma and Immunology",113,Journals,1.012,Q1
2618-0189,NA,NA,NA,NA,NA
2296-2565,Frontiers in Public Health,64,Journals,1.298,Q1
2662-9828,NA,NA,NA,NA,NA
0016-5085,Gastroenterology,423,Journals,7.689,Q1
2168-8184,NA,NA,NA,NA,NA
1179-2051,NA,NA,NA,NA,NA
1475-2840,Cardiovascular Diabetology,85,Journals,2.449,Q1
1550-8307,Explore: The Journal of Science and Healing,38,Journals,0.371,Q2
1542-0124,Ocular Surface,71,Journals,1.685,Q1
2529-198X,Mediterranean Journal of Rheumatology,5,Journals,0.305,Q4
2662-2203,NA,NA,NA,NA,NA
2364-5059,NA,NA,NA,NA,NA
2351-955X,NA,NA,NA,NA,NA
1471-244X,BMC Psychiatry,112,Journals,1.252,Q1
2662-1347,Nature Cancer,15,Journals,6.186,Q1
0019-5049,Indian Journal of Anaesthesia,35,Journals,0.738,Q1
2251-6581,Journal of Diabetes and Metabolic Disorders,37,Journals,0.476,Q3
1525-1578,Journal of Molecular Diagnostics,100,Journals,1.678,Q1
2058-7716,Cell Death Discovery,39,Journals,1.399,Q2
1547-5271,Heart Rhythm,140,Journals,2.402,Q1
0976-5050,NA,NA,NA,NA,NA
2090-925X,NA,NA,NA,NA,NA
2167-4884,NA,NA,NA,NA,NA
2631-4940,"BMJ Surgery, Interventions, and Health Technologies",4,Journals,0.437,Q2
0085-2538,Kidney International,288,Journals,4.063,Q1
2167-4868,Current Ophthalmology Reports,15,Journals,0.412,Q3
0022-3476,Journal of Pediatrics,216,Journals,1.111,Q1
2196-1115,Journal of Big Data,45,Journals,2.592,Q1
2666-3791,Cell Reports Medicine,23,Journals,5.956,Q1
2639-8028,NA,NA,NA,NA,NA
2152-2650,"Clinical Lymphoma, Myeloma and Leukemia",56,Journals,0.778,Q2
2375-2548,Science advances,178,Journals,4.586,Q1
0735-1097,Journal of the American College of Cardiology,451,Journals,9.756,Q1
2198-641X,Current Pharmacology Reports,26,Journals,0.597,Q2
2522-5812,Nature Metabolism,41,Journals,6.201,Q1
0924-977X,European Neuropsychopharmacology,118,Journals,1.324,Q1
2195-9595,Current Hepatitis Reports,18,Journals,0.268,Q4
0167-8140,Radiotherapy and Oncology,163,Journals,1.946,Q1
0025-6196,Mayo Clinic Proceedings,191,Journals,2.186,Q1
2054-7064,NA,NA,NA,NA,NA
2152-7806,Surgical Neurology International,37,Journals,0.309,Q3
2387-0206,NA,NA,NA,NA,NA
1359-6101,Cytokine and Growth Factor Reviews,168,Journals,2.756,Q1
2666-5247,"Lancet Microbe, The",19,Journals,13.313,Q1
2468-2942,Cancer Treatment and Research Communications,13,Journals,0.520,Q3
0167-5273,International Journal of Cardiology,129,Journals,1.195,Q1
1535-6108,Cancer Cell,359,Journals,9.975,Q1
2273-4309,"Journal of frailty & aging,The",21,Journals,0.776,Q2
0099-1767,Journal of Emergency Nursing,49,Journals,0.392,Q2
2523-8973,NA,NA,NA,NA,NA
2662-5423,NA,NA,NA,NA,NA
1931-5244,Translational Research,105,Journals,2.174,Q1
1756-2317,Diagnostic Histopathology,26,Journals,0.173,Q4
1600-6135,American Journal of Transplantation,198,Journals,3.311,Q1
0168-1702,Virus Research,129,Journals,1.154,Q2
0883-9441,Journal of Critical Care,89,Journals,1.123,Q1
1074-7613,Immunity,417,Journals,14.075,Q1
1522-8401,Clinical Pediatric Emergency Medicine,21,Journals,0.153,Q4
2215-0366,"Lancet Psychiatry,The",107,Journals,8.932,Q1
0092-8674,Cell,814,Journals,25.716,Q1
0732-8893,Diagnostic Microbiology and Infectious Disease,99,Journals,0.758,Q2
0883-5403,Journal of Arthroplasty,143,Journals,2.054,Q1
0022-1759,Journal of Immunological Methods,137,Journals,0.937,Q2
1684-1182,"Journal of Microbiology, Immunology and Infection",63,Journals,1.748,Q1
0966-842X,Trends in Microbiology,209,Journals,3.549,Q1
1533-0028,New England Journal of Medicine,1079,Journals,24.907,Q1
1388-1981,Biochimica et Biophysica Acta - Molecular and Cell Biology of Lipids,166,Journals,1.173,Q2
1053-2498,Journal of Heart and Lung Transplantation,143,Journals,2.472,Q1
1521-6918,Bailliere's Best Practice and Research in Clinical Gastroenterology,98,Journals,0.711,Q2
2589-0514,NA,NA,NA,NA,NA
2095-8137,Zoological research,24,Journals,0.755,Q1
0277-9536,Social Science and Medicine,255,Journals,1.806,Q1
0021-8502,Journal of Aerosol Science,115,Journals,0.823,Q2
0167-5877,Preventive Veterinary Medicine,100,Journals,0.675,Q1
1043-6618,Pharmacological Research,147,Journals,1.738,Q1
1094-5539,Pulmonary Pharmacology and Therapeutics,75,Journals,0.671,Q2
0195-5616,Veterinary Clinics of North America - Small Animal Practice,73,Journals,0.684,Q1
2571-726X,NA,NA,NA,NA,NA
0733-8627,Emergency Medicine Clinics of North America,56,Journals,0.398,Q2
2213-2198,Journal of Allergy and Clinical Immunology: In Practice,71,Journals,1.581,Q1
0360-3016,International Journal of Radiation Oncology Biology Physics,257,Journals,1.904,Q1
1757-1146,Journal of Foot and Ankle Research,45,Journals,0.638,Q2
2472-1727,Birth Defects Research,25,Journals,0.737,Q2
0006-2952,Biochemical Pharmacology,206,Journals,1.240,Q1
0163-4453,Journal of Infection,119,Journals,5.027,Q1
1201-9712,International Journal of Infectious Diseases,104,Journals,2.433,Q1
1064-7481,American Journal of Geriatric Psychiatry,129,Journals,1.940,Q1
2451-9456,Cell Chemical Biology,190,Journals,2.650,Q1
0007-0912,British Journal of Anaesthesia,189,Journals,2.642,Q1
2297-1769,Frontiers in Veterinary Science,44,Journals,0.719,Q1
0304-3835,Cancer Letters,192,Journals,1.923,Q1
1303-6092,NA,NA,NA,NA,NA
1742-464X,FEBS Journal,212,Journals,1.611,Q1
0896-8411,Journal of Autoimmunity,121,Journals,2.751,Q1
1525-0016,Molecular Therapy,185,Journals,3.064,Q1
0008-8749,Cellular Immunology,96,Journals,1.227,Q2
2214-2509,IDCases,19,Journals,0.392,Q3
1052-3057,Journal of Stroke and Cerebrovascular Diseases,67,Journals,0.698,Q1
0734-9750,Biotechnology Advances,210,Journals,2.482,Q1
2206-7418,Nanotheranostics,20,Journals,0.826,Q1
0188-4409,Archives of Medical Research,86,Journals,0.962,Q1
2374-4677,npj Breast Cancer,30,Journals,2.863,Q1
8755-6863,Pediatric Pulmonology,111,Journals,0.927,Q2
1537-744X,"Scientific World Journal, The",103,Journals,0.398,Q3
0020-7489,International Journal of Nursing Studies,121,Journals,1.470,Q1
0958-1669,Current Opinion in Biotechnology,214,Journals,2.170,Q1
0262-4079,New Scientist,19,Journals,0.107,Q4
1751-0147,Acta Veterinaria Scandinavica,58,Journals,0.561,Q1
0953-6205,European Journal of Internal Medicine,79,Journals,1.210,Q1
1936-900X,Western Journal of Emergency Medicine,42,Journals,0.837,Q2
1526-0542,Paediatric Respiratory Reviews,67,Journals,0.985,Q1
0278-6915,Food and Chemical Toxicology,183,Journals,0.809,Q1
0272-6386,American Journal of Kidney Diseases,224,Journals,2.542,Q1
1099-4831,Alkaloids: Chemistry and Biology,42,Journals,0.744,Q2
1568-9972,Autoimmunity Reviews,130,Journals,3.168,Q1
1178-7112,Local and Regional Anesthesia,19,Journals,0.660,Q2
0168-7069,Perspectives in Medical Virology,14,Book Series,0.386,Q3
1052-9276,Reviews in Medical Virology,96,Journals,2.371,Q1
0146-2806,Current Problems in Cardiology,51,Journals,2.016,Q1
1567-5769,International Immunopharmacology,119,Journals,1.059,Q1
1660-3397,Marine Drugs,128,Journals,0.794,Q1
1547-4127,Thoracic Surgery Clinics,49,Journals,0.480,Q2
1754-6605,ecancermedicalscience,37,Journals,0.665,Q3
2352-3026,"Lancet Haematology,The",71,Journals,5.189,Q1
1553-8389,Cardiovascular Revascularization Medicine,38,Journals,0.486,Q3
0030-6665,Otolaryngologic Clinics of North America,74,Journals,0.688,Q2
0002-8703,American Heart Journal,193,Journals,2.564,Q1
0072-9752,Handbook of Clinical Neurology,64,Journals,0.124,Q4
0040-4020,Tetrahedron,226,Journals,0.507,Q2
1076-6332,Academic Radiology,100,Journals,1.019,Q1
1286-4579,Microbes and Infection,148,Journals,1.586,Q1
1174-5878,Paediatric Drugs,62,Journals,0.709,Q2
0223-5234,European Journal of Medicinal Chemistry,175,Journals,1.054,Q1
0049-3848,Thrombosis Research,118,Journals,1.678,Q1
1590-8658,Digestive and Liver Disease,97,Journals,0.979,Q2
2590-0986,Medicine in Drug Discovery,5,Journals,0.306,Q3
1567-1348,"Infection, Genetics and Evolution",99,Journals,0.974,Q2
2056-5933,RMD Open,44,Journals,1.669,Q1
0014-2999,European Journal of Pharmacology,189,Journals,0.930,Q1
0753-3322,Biomedicine and Pharmacotherapy,109,Journals,1.194,Q1
2214-0271,HeartRhythm Case Reports,14,Journals,0.331,Q3
0828-282X,Canadian Journal of Cardiology,97,Journals,1.328,Q1
1470-2045,"Lancet Oncology, The",355,Journals,11.710,Q1
0042-6822,Virology,183,Journals,1.112,Q2
2210-6014,Journal of Epidemiology and Global Health,28,Journals,0.910,Q2
0021-9975,Journal of Comparative Pathology,74,Journals,0.379,Q2
1665-1146,Boletin Medico del Hospital Infantil de Mexico,13,Journals,0.184,Q3
0378-1119,Gene,181,Journals,0.719,Q2
1535-282X,Critical Pathways in Cardiology,25,Journals,0.380,Q3
2213-0071,Respiratory Medicine Case Reports,19,Journals,0.354,Q3
1477-8939,Travel Medicine and Infectious Disease,60,Journals,2.225,Q1
0954-6820,Journal of Internal Medicine,170,Journals,3.193,Q1
0041-1132,Transfusion,138,Journals,0.919,Q2
0889-8588,Hematology/Oncology Clinics of North America,85,Journals,0.903,Q2
0048-7333,Research Policy,255,Journals,3.533,Q1
0090-3493,Critical Care Medicine,282,Journals,2.689,Q1
1574-7891,Molecular Oncology,97,Journals,1.773,Q1
1662-453X,Frontiers in Neuroscience,117,Journals,1.275,Q2
0034-5288,Research in Veterinary Science,79,Journals,0.579,Q1
2468-0540,Non-coding RNA Research,21,Journals,1.188,Q2
0196-0709,American Journal of Otolaryngology - Head and Neck Medicine and Surgery,61,Journals,0.693,Q2
2196-3053,Current Treatment Options in Allergy,15,Journals,0.259,Q3
0968-0004,Trends in Biochemical Sciences,281,Journals,4.093,Q1
2162-0989,Asia-Pacific Journal of Ophthalmology,26,Journals,1.086,Q1
1876-2018,Asian Journal of Psychiatry,47,Journals,1.436,Q1
0022-0302,Journal of Dairy Science,204,Journals,1.215,Q1
2211-3835,Acta Pharmaceutica Sinica B,65,Journals,2.200,Q1
0272-2712,Clinics in Laboratory Medicine,57,Journals,0.487,Q3
0738-081X,Clinics in Dermatology,94,Journals,0.769,Q1
0065-2660,Advances in Genetics,72,Journals,0.141,Q4
1479-0556,Genetic Vaccines and Therapy,29,Journals,0.596,Q3
1726-4901,Journal of the Chinese Medical Association,46,Journals,0.599,Q2
0899-5885,Critical Care Nursing Clinics of North America,30,Journals,0.379,Q3
0954-6111,Respiratory Medicine,127,Journals,1.112,Q1
0960-894X,Bioorganic and Medicinal Chemistry Letters,154,Journals,0.536,Q2
2215-017X,Biotechnology Reports,43,Journals,0.854,Q2
1471-4922,Trends in Parasitology,152,Journals,1.756,Q1
0929-6646,Journal of the Formosan Medical Association,59,Journals,0.779,Q2
1527-3369,Newborn and Infant Nursing Reviews,27,Journals,0.237,Q3
0165-2427,Veterinary Immunology and Immunopathology,98,Journals,0.484,Q2
1720-8386,Journal of Endocrinological Investigation,87,Journals,0.936,Q2
1084-2020,ILAR Journal,81,Journals,0.413,Q3
0190-9622,Journal of the American Academy of Dermatology,217,Journals,1.948,Q1
0378-1135,Veterinary Microbiology,135,Journals,0.799,Q1
2213-6711,Stem Cell Reports,88,Journals,2.460,Q1
1871-6784,New Biotechnology,91,Journals,1.031,Q2
2167-4841,NA,NA,NA,NA,NA
2169-575X,"Global health, science and practice",33,Journals,0.966,Q1
0887-7963,Transfusion Medicine Reviews,77,Journals,1.665,Q1
0959-8049,European Journal of Cancer,224,Journals,2.865,Q1
1473-0502,Transfusion and Apheresis Science,57,Journals,0.583,Q3
1931-3128,Cell Host and Microbe,201,Journals,9.373,Q1
1752-8550,Emerging Health Threats Journal,19,Journals,0.581,Q2
2044-6055,BMJ Open,121,Journals,0.982,Q1
1540-2487,Disaster Management and Response,24,Journals,0.318,Q2
1471-4892,Current Opinion in Pharmacology,139,Journals,1.279,Q1
2052-3211,Journal of Pharmaceutical Policy and Practice,21,Journals,0.675,Q1
2059-7029,ESMO Open,41,Journals,1.524,Q1
0168-8510,Health Policy,97,Journals,1.077,Q1
0006-291X,Biochemical and Biophysical Research Communications,271,Journals,0.805,Q3
0037-1963,Seminars in Hematology,96,Journals,1.434,Q1
0024-3205,Life Sciences,174,Journals,1.132,Q1
1751-7222,Paediatrics and Child Health (United Kingdom),23,Journals,0.197,Q3
0300-9084,Biochimie,141,Journals,0.876,Q1
2522-5820,Nature Reviews Physics,38,Journals,8.971,Q1
1937-6448,International Review of Cell and Molecular Biology,118,Journals,2.203,Q1
2073-4425,Genes,63,Journals,1.032,Q2
0889-1591,"Brain, Behavior, and Immunity",170,Journals,3.046,Q1
0882-4010,Microbial Pathogenesis,80,Journals,0.693,Q3
1930-0433,Radiology Case Reports,13,Journals,0.229,Q4
1746-4269,Journal of Ethnobiology and Ethnomedicine,76,Journals,0.644,Q2
2214-031X,Journal of Orthopaedic Translation,34,Journals,0.757,Q2
0165-0327,Journal of Affective Disorders,205,Journals,1.791,Q1
0095-5108,Clinics in Perinatology,84,Journals,0.711,Q2
2451-8476,Obesity Medicine,15,Journals,0.443,Q3
0928-0987,European Journal of Pharmaceutical Sciences,144,Journals,0.732,Q1
0944-7113,Phytomedicine,127,Journals,0.981,Q1
0098-2997,Molecular Aspects of Medicine,141,Journals,3.226,Q1
2095-1779,Journal of Pharmaceutical Analysis,38,Journals,1.390,Q1
1359-6446,Drug Discovery Today,185,Journals,1.470,Q1
2325-6621,Annals of the American Thoracic Society,122,Journals,1.770,Q1
2531-1379,"Hematology, Transfusion and Cell Therapy",25,Journals,0.396,Q4
0074-7742,International Review of Neurobiology,83,Journals,0.734,Q2
2213-1779,JACC: Heart Failure,78,Journals,5.474,Q1
2051-5960,Acta neuropathologica communications,64,Journals,2.415,Q1
0954-7894,Clinical and Experimental Allergy,158,Journals,1.252,Q2
1879-4068,Journal of Geriatric Oncology,41,Journals,1.364,Q1
0002-9378,American Journal of Obstetrics and Gynecology,235,Journals,2.948,Q1
1471-4906,Trends in Immunology,236,Journals,4.890,Q1
0022-2828,Journal of Molecular and Cellular Cardiology,164,Journals,1.462,Q2
1007-9327,World Journal of Gastroenterology,173,Journals,1.229,Q1
2455-7854,NA,NA,NA,NA,NA
0198-6325,Medicinal Research Reviews,134,Journals,2.300,Q1
0304-4017,Veterinary Parasitology,131,Journals,0.764,Q1
1551-7411,Research in Social and Administrative Pharmacy,54,Journals,0.674,Q1
1178-2005,International Journal of COPD,74,Journals,0.804,Q2
0891-5245,Journal of Pediatric Health Care,51,Journals,0.395,Q3
0166-0934,Journal of Virological Methods,106,Journals,0.506,Q3
0003-9993,Archives of Physical Medicine and Rehabilitation,197,Journals,1.024,Q2
0733-8619,Neurologic Clinics,87,Journals,0.971,Q2
0905-6157,Pediatric Allergy and Immunology,94,Journals,1.264,Q1
0165-6147,Trends in Pharmacological Sciences,225,Journals,3.389,Q1
2053-8855,Oxford Medical Case Reports,11,Journals,0.186,Q4
2211-8837,Health Policy and Technology,25,Journals,0.848,Q1
2578-5745,NA,NA,NA,NA,NA
0889-8553,Gastroenterology Clinics of North America,88,Journals,0.953,Q2
1532-0456,Comparative Biochemistry and Physiology Part - C: Toxicology and Pharmacology,113,Journals,0.721,Q2
1043-4666,Cytokine,123,Journals,0.923,Q2
2052-1707,Pharmacology Research and Perspectives,32,Journals,0.851,Q1
1876-1623,Advances in Protein Chemistry and Structural Biology,76,Journals,0.695,Q3
1521-6616,Clinical Immunology,130,Journals,1.609,Q1
0033-0620,Progress in Cardiovascular Diseases,107,Journals,2.029,Q1
2589-7500,"Lancet Digital Health, The",30,Journals,6.024,Q1
0003-2999,Anesthesia and Analgesia,208,Journals,1.398,Q1
0014-3820,Evolution; international journal of organic evolution,206,Journals,1.560,Q1
0002-9262,American Journal of Epidemiology,267,Journals,1.831,Q1
0013-9351,Environmental Research,149,Journals,1.507,Q1
0022-2860,Journal of Molecular Structure,110,Journals,0.480,Q2
2590-1524,Journal of Structural Biology: X,9,Journals,2.255,Q1
1550-4131,Cell Metabolism,292,Journals,9.297,Q1
2468-1253,"Lancet Gastroenterology and Hepatology, The",66,Journals,5.927,Q1
2352-7714,One Health,29,Journals,1.149,Q1
0749-0739,Veterinary Clinics of North America. Equine Practice,55,Journals,0.691,Q1
0065-7743,Annual Reports in Medicinal Chemistry,39,Book Series,0.330,Q3
1040-8428,Critical Reviews in Oncology/Hematology,129,Journals,1.478,Q1
2352-9148,Informatics in Medicine Unlocked,32,Journals,0.794,Q2
1745-7580,Immunome Research,27,Journals,0.175,Q4
0306-9877,Medical Hypotheses,94,Journals,0.569,Q2
2051-7599,F1000Prime Reports,43,Journals,1.581,Q1
0168-3659,Journal of Controlled Release,282,Journals,1.812,Q1
0928-4931,Materials Science and Engineering C,145,Journals,1.191,Q1
2040-7378,Experimental and Translational Stroke Medicine,27,Journals,0.553,Q3
2352-3018,"Lancet HIV,The",62,Journals,5.296,Q1
1567-1356,FEMS Yeast Research,97,Journals,0.639,Q3
2092-7193,Epidemiology and health,26,Journals,1.302,Q1
1044-5323,Seminars in Immunology,131,Journals,3.345,Q1
0369-8114,NA,NA,NA,NA,NA
0009-9120,Clinical Biochemistry,118,Journals,0.824,Q2
0009-2797,Chemico-Biological Interactions,128,Journals,0.857,Q1
1551-7144,Contemporary Clinical Trials,65,Journals,0.867,Q2
2213-8587,"Lancet Diabetes and Endocrinology,The",132,Journals,9.767,Q1
2352-6475,International Journal of Women's Dermatology,19,Journals,0.694,Q2
0040-4039,Tetrahedron Letters,173,Journals,0.459,Q2
0163-4356,Therapeutic Drug Monitoring,96,Journals,0.555,Q2
0160-791X,Technology in Society,58,Journals,1.138,Q1
2211-1247,Cell Reports,177,Journals,4.845,Q1
0169-5002,Lung Cancer,134,Journals,1.399,Q1
0141-8130,International Journal of Biological Macromolecules,144,Journals,1.100,Q2
1574-6976,FEMS Microbiology Reviews,223,Journals,4.039,Q1
1476-8518,Journal of Immune Based Therapies and Vaccines,21,Journals,0.760,Q2
2475-0379,Research and Practice in Thrombosis and Haemostasis,24,Journals,1.817,Q1
1945-4589,Aging,103,Journals,1.212,Q2
1995-7645,Asian Pacific Journal of Tropical Medicine,59,Journals,0.402,Q3
2589-5370,EClinicalMedicine,44,Journals,4.657,Q1
0171-2985,Immunobiology,97,Journals,0.709,Q3
1720-8319,Aging clinical and experimental research,78,Journals,0.911,Q2
0946-672X,Journal of Trace Elements in Medicine and Biology,82,Journals,0.599,Q3
2213-4344,PharmaNutrition,23,Journals,0.402,Q3
1874-3579,NA,NA,NA,NA,NA
0968-0896,Bioorganic and Medicinal Chemistry,171,Journals,0.598,Q2
0925-7535,Safety Science,125,Journals,1.438,Q1
2225-4110,Journal of Traditional and Complementary Medicine,44,Journals,0.764,Q1
1479-7364,Human Genomics,59,Journals,1.456,Q1
1045-1870,Seminars in Pediatric Infectious Diseases,46,Journals,0.653,Q2
1471-2350,BMC Medical Genetics,72,Journals,0.566,Q3
0033-3182,Psychosomatics,103,Journals,0.550,Q3
2196-3045,Current Tropical Medicine Reports,21,Journals,0.876,Q2
0902-4441,European Journal of Haematology,88,Journals,1.057,Q1
0735-6757,American Journal of Emergency Medicine,93,Journals,0.823,Q2
0936-6555,Clinical Oncology,80,Journals,1.061,Q1
1759-6653,Genome Biology and Evolution,81,Journals,1.441,Q1
0268-960X,Blood Reviews,101,Journals,2.799,Q1
0300-9572,Resuscitation,139,Journals,2.198,Q1
2589-790X,CJC Open,6,Journals,0.590,Q2
2001-0370,Computational and Structural Biotechnology Journal,53,Journals,1.538,Q2
0035-3787,Revue Neurologique,51,Journals,0.709,Q2
1740-6749,Drug Discovery Today: Technologies,53,Journals,1.321,Q1
2296-4185,Frontiers in Bioengineering and Biotechnology,59,Journals,0.925,Q1
1756-0500,BMC Research Notes,79,Journals,0.527,Q2
1040-2446,Academic Medicine,162,Journals,1.664,Q1
0025-5564,Mathematical Biosciences,99,Journals,0.775,Q2
0022-510X,Journal of the Neurological Sciences,144,Journals,0.884,Q2
0142-9612,Biomaterials,397,Journals,2.678,Q1
0010-8545,Coordination Chemistry Reviews,287,Journals,4.442,Q1
2095-4964,Journal of integrative medicine,35,Journals,0.607,Q2
2073-4468,Antibodies,15,Journals,0.614,Q3
2452-0144,Gene Reports,13,Journals,0.307,Q4
0749-0704,Critical Care Clinics,76,Journals,0.930,Q1
0042-9686,Bulletin of the World Health Organization,177,Journals,2.616,Q1
1532-0464,Journal of Biomedical Informatics,112,Journals,1.128,Q1
2288-6761,NA,NA,NA,NA,NA
0009-8981,Clinica Chimica Acta,150,Journals,1.086,Q1
1860-6768,Biotechnology Journal,91,Journals,0.964,Q2
0065-2776,Advances in Immunology,110,Book Series,4.433,Q1
2214-9996,Annals of Global Health,71,Journals,0.670,Q2
0399-077X,Medecine et Maladies Infectieuses,0,Journals,0.558,Q3
1472-6750,BMC Biotechnology,85,Journals,0.657,Q2
0885-3924,Journal of Pain and Symptom Management,147,Journals,1.527,Q1
1179-1470,Medical Devices: Evidence and Research,35,Journals,0.356,Q3
0890-8508,Molecular and Cellular Probes,71,Journals,0.522,Q3
1465-3249,Cytotherapy,91,Journals,1.004,Q1
1098-3015,Value in Health,114,Journals,1.472,Q1
1875-2136,Archives of Cardiovascular Diseases,55,Journals,0.818,Q2
2008-2231,"DARU, Journal of Pharmaceutical Sciences",47,Journals,0.580,Q2
0149-7634,Neuroscience and Biobehavioral Reviews,255,Journals,2.660,Q1
2451-8654,Contemporary Clinical Trials Communications,17,Journals,0.748,Q2
2284-2594,European Journal of Case Reports in Internal Medicine,1,Journals,0.125,Q4
0165-0378,Journal of Reproductive Immunology,92,Journals,0.853,Q1
1570-9639,Biochimica et Biophysica Acta - Proteins and Proteomics,153,Journals,0.759,Q3
0093-7754,Seminars in Oncology,138,Journals,1.347,Q1
1178-1998,Clinical Interventions in Aging,85,Journals,1.044,Q1
1170-7690,PharmacoEconomics,104,Journals,1.321,Q1
2052-2975,New Microbes and New Infections,33,Journals,0.737,Q3
2053-8790,Lupus Science and Medicine,31,Journals,1.188,Q1
1472-6920,BMC Medical Education,76,Journals,0.744,Q2
2194-7511,International Journal of Bipolar Disorders,28,Journals,1.278,Q1
2161-3311,Current Nutrition Reports,34,Journals,1.361,Q1
1045-1056,Biologicals,60,Journals,0.460,Q3
0378-5122,Maturitas,113,Journals,1.167,Q1
0273-2300,Regulatory Toxicology and Pharmacology,112,Journals,0.696,Q2
1807-5932,Clinics,67,Journals,0.604,Q2
2196-2995,Kirchliche Zeitgeschichte,2,Journals,0.104,Q3
1663-4365,Frontiers in Aging Neuroscience,92,Journals,1.324,Q1
1569-9048,Respiratory Physiology and Neurobiology,102,Journals,0.635,Q2
1176-3450,Treatments in Respiratory Medicine,32,Journals,0.476,Q2
0001-706X,Acta Tropica,106,Journals,0.757,Q1
2212-4926,Advances in Biological Regulation,64,Journals,1.534,Q1
0048-9697,Science of the Total Environment,275,Journals,1.806,Q1
2211-0348,Multiple Sclerosis and Related Disorders,45,Journals,1.006,Q2
1871-403X,Obesity Research and Clinical Practice,38,Journals,0.863,Q2
1389-9457,Sleep Medicine,130,Journals,1.038,Q1
1054-8807,Cardiovascular Pathology,72,Journals,0.804,Q1
0939-6411,European Journal of Pharmaceutics and Biopharmaceutics,168,Journals,0.857,Q1
0303-7207,Molecular and Cellular Endocrinology,152,Journals,1.039,Q2
1555-4155,Journal for Nurse Practitioners,22,Journals,0.197,Q3
0065-230X,Advances in Cancer Research,98,Journals,1.651,Q1
1756-4646,Journal of Functional Foods,97,Journals,0.861,Q2
1465-1858,NA,NA,NA,NA,NA
0971-5916,Indian Journal of Medical Research,91,Journals,0.907,Q1
0755-4982,Presse Medicale,44,Journals,0.313,Q3
0049-0172,Seminars in Arthritis and Rheumatism,120,Journals,1.471,Q1
2167-4825,Current Radiology Reports,19,Journals,0.252,Q3
0090-8258,Gynecologic Oncology,173,Journals,1.493,Q1
2578-2363,Ethics & human research,33,Journals,0.560,Q2
2211-3398,Current Opinion in Chemical Engineering,54,Journals,1.029,Q1
1443-9506,Heart Lung and Circulation,51,Journals,0.735,Q2
0010-4825,Computers in Biology and Medicine,102,Journals,1.309,Q1
0377-1237,Medical Journal Armed Forces India,26,Journals,0.289,Q3
1074-5521,NA,NA,NA,NA,NA
2055-0936,"Tropical Diseases, Travel Medicine and Vaccines",16,Journals,0.734,Q2
0047-6374,Mechanisms of Ageing and Development,123,Journals,1.172,Q2
0021-9673,Journal of Chromatography A,237,Journals,0.813,Q1
1449-1907,International Journal of Medical Sciences,69,Journals,0.720,Q2
2688-1152,NA,NA,NA,NA,NA
1544-3191,Journal of the American Pharmacists Association : JAPhA,67,Journals,0.429,Q2
0891-8422,Clinics in Podiatric Medicine and Surgery,35,Journals,0.266,Q3
1080-6040,Emerging Infectious Diseases,240,Journals,3.670,Q1
1050-1738,Trends in Cardiovascular Medicine,102,Journals,1.785,Q1
1613-6810,Small,259,Journals,3.225,Q1
1246-7820,Transfusion Clinique et Biologique,40,Journals,0.394,Q3
2039-7283,NA,NA,NA,NA,NA
2665-9913,"Lancet Rheumatology, The",28,Journals,6.633,Q1
1075-8593,Advances in Antiviral Drug Design,12,Book Series,0.320,Q3
2152-5250,Aging and Disease,63,Journals,1.720,Q1
1477-9560,Thrombosis Journal,41,Journals,1.038,Q1
2638-6100,Radiology: Artificial Intelligence,5,Journals,4.729,Q1
0960-0779,"Chaos, Solitons and Fractals",147,Journals,1.647,Q1
2574-3805,JAMA network open,72,Journals,4.031,Q1
1537-1891,Vascular Pharmacology,100,Journals,1.308,Q1
1058-2916,ASAIO Journal,71,Journals,0.859,Q2
1740-6773,Drug Discovery Today: Therapeutic Strategies,29,Journals,0.231,Q3
1387-2656,Biotechnology Annual Review,42,Book Series,0.987,Q2
1755-4365,Epidemics,45,Journals,1.787,Q2
2369-2960,JMIR Public Health and Surveillance,41,Journals,1.893,Q1
1096-7192,Molecular Genetics and Metabolism,112,Journals,1.011,Q2
0260-6917,Nurse Education Today,84,Journals,0.993,Q1
2311-553X,Non-coding RNA,27,Journals,1.699,Q1
2090-1232,Journal of Advanced Research,67,Journals,1.870,Q1
1876-3820,European Journal of Integrative Medicine,29,Journals,0.326,Q2
1303-6165,Turkish Journal of Medical Sciences,32,Journals,0.440,Q3
1369-5274,Current Opinion in Microbiology,185,Journals,2.387,Q1
2590-1362,Vaccine: X,9,Journals,1.129,Q1
2213-4220,Integrative Medicine Research,7,Journals,0.397,Q2
2468-0427,Infectious Disease Modelling,24,Journals,2.318,Q1
0005-2736,Biochimica et Biophysica Acta - Biomembranes,190,Journals,0.838,Q3
1442-6404,Clinical and Experimental Ophthalmology,78,Journals,1.058,Q1
0167-7799,Trends in Biotechnology,231,Journals,2.681,Q1
2055-6640,Journal of Virus Eradication,12,Journals,1.799,Q2
0001-6314,Acta Neurologica Scandinavica,100,Journals,0.874,Q2
0020-1383,Injury,129,Journals,0.748,Q1
1743-7075,Nutrition and Metabolism,89,Journals,0.963,Q1
2662-7671,BMC Complementary Medicine and Therapies,96,Journals,0.674,Q1
2072-6651,Toxins,91,Journals,0.884,Q1
1055-8586,Seminars in Pediatric Surgery,70,Journals,0.605,Q2
0213-9626,Inmunologia,12,Journals,0.102,Q4
0168-8227,Diabetes Research and Clinical Practice,122,Journals,1.677,Q1
2368-7959,JMIR Mental Health,38,Journals,1.365,Q1
1475-9276,International Journal for Equity in Health,64,Journals,1.369,Q1
1643-3750,Medical Science Monitor,91,Journals,0.601,Q2
0168-9452,Plant Science,161,Journals,1.174,Q1
2398-3795,BJGP Open,14,Journals,0.714,Q1
1590-1262,Eating and Weight Disorders,49,Journals,0.733,Q2
2383-4889,NA,NA,NA,NA,NA
1936-8798,JACC: Cardiovascular Interventions,132,Journals,3.595,Q1
2049-632X,Pathogens and Disease,109,Journals,0.993,Q2
0749-0720,Veterinary Clinics of North America - Food Animal Practice,76,Journals,0.918,Q1
2341-2879,NA,NA,NA,NA,NA
1808-8694,Brazilian Journal of Otorhinolaryngology,36,Journals,0.443,Q3
1052-5149,Neuroimaging Clinics of North America,59,Journals,0.616,Q2
1744-3881,Complementary Therapies in Clinical Practice,56,Journals,0.668,Q1
0378-3782,Journal of Pragmatics,103,Journals,0.930,Q1
0105-4538,Allergy: European Journal of Allergy and Clinical Immunology,183,Journals,3.122,Q1
0303-8467,Clinical Neurology and Neurosurgery,77,Journals,0.571,Q2
2079-6382,Antibiotics,47,Journals,0.785,Q1
1234-1010,Medical Science Monitor,91,Journals,0.601,Q2
0003-4266,Annales d'Endocrinologie,39,Journals,0.621,Q2
2523-3106,Advances in Rheumatology,31,Journals,0.669,Q2
0952-7915,Current Opinion in Immunology,199,Journals,2.914,Q1
1055-3290,Journal of the Association of Nurses in AIDS Care,51,Journals,0.636,Q1
0009-3084,Chemistry and Physics of Lipids,103,Journals,0.677,Q2
2473-4306,NA,NA,NA,NA,NA
0002-8614,Journal of the American Geriatrics Society,241,Journals,2.133,Q1
2352-0817,Current Medicine Research and Practice,2,Journals,0.105,Q4
2662-2653,NA,NA,NA,NA,NA
1477-7525,Health and Quality of Life Outcomes,120,Journals,0.837,Q1
2469-2964,Pathogens and Immunity,14,Journals,1.419,Q2
0021-9541,Journal of Cellular Physiology,183,Journals,1.308,Q1
1054-139X,Journal of Adolescent Health,171,Journals,1.888,Q1
1367-5931,Current Opinion in Chemical Biology,190,Journals,2.548,Q1
1093-3263,Journal of Molecular Graphics and Modelling,76,Journals,0.442,Q3
2218-1989,Metabolites,47,Journals,0.956,Q2
1368-7646,Drug Resistance Updates,119,Journals,3.845,Q1
0065-3527,Advances in Virus Research,92,Book Series,2.262,Q1
0738-3991,Patient Education and Counseling,146,Journals,0.844,Q2
1860-5397,Beilstein Journal of Organic Chemistry,70,Journals,0.648,Q2
1357-3039,Medicine,23,Journals,0.186,Q4
0737-6146,Advances in Anesthesia,9,Book Series,0.224,Q3
1471-4914,Trends in Molecular Medicine,185,Journals,3.129,Q1
1748-5908,Implementation Science,113,Journals,2.550,Q1
2230-6048,NA,NA,NA,NA,NA
2056-5968,Cell Discovery,40,Journals,4.248,Q1
2291-9279,JMIR Serious Games,26,Journals,0.581,Q1
0168-1605,International Journal of Food Microbiology,199,Journals,0.997,Q1
2075-4418,Diagnostics,35,Journals,0.658,Q2
1560-7917,Eurosurveillance,116,Journals,4.417,Q1
2090-908X,Inflammation Research,94,Journals,1.332,Q1
0891-6640,Journal of Veterinary Internal Medicine,110,Journals,1.282,Q1
0022-2836,Journal of Molecular Biology,277,Journals,2.592,Q1
1939-5116,Wiley Interdisciplinary Reviews: Nanomedicine and Nanobiotechnology,80,Journals,1.621,Q1
1109-9666,Hellenic Journal of Cardiology,32,Journals,0.637,Q2
2588-9311,European urology oncology,26,Journals,2.299,Q1
0002-9394,American Journal of Ophthalmology,194,Journals,2.301,Q1
0278-5919,Clinics in Sports Medicine,87,Journals,0.519,Q3
2095-8099,Engineering,59,Journals,1.614,Q1
0967-5868,Journal of Clinical Neuroscience,85,Journals,0.569,Q2
2193-1801,SpringerPlus,63,Journals,0.125,Q4
1570-0232,Journal of Chromatography B: Analytical Technologies in the Biomedical and Life Sciences,154,Journals,0.557,Q2
2054-4774,BMJ Open Gastroenterology,25,Journals,0.970,Q2
2398-6352,npj Digital Medicine,28,Journals,3.326,Q1
1938-9736,Topics in Companion Animal Medicine,46,Journals,0.343,Q2
1021-9498,Journal of Food and Drug Analysis,63,Journals,1.018,Q1
0920-1211,Epilepsy Research,117,Journals,0.767,Q2
0924-2244,Trends in Food Science and Technology,208,Journals,2.402,Q1
1756-1833,"BMJ, The",453,Journals,2.291,Q1
1178-7074,International Journal of General Medicine,40,Journals,0.511,Q2
1179-2043,NA,NA,NA,NA,NA
2090-0252,International Journal of Alzheimer's Disease,53,Journals,0.705,Q2
1875-4597,NA,NA,NA,NA,NA
0965-2299,Complementary Therapies in Medicine,69,Journals,0.624,Q1
1462-3994,Expert Reviews in Molecular Medicine,85,Journals,1.285,Q1
0016-5107,Gastrointestinal Endoscopy,210,Journals,2.162,Q1
1071-5754,"Journal of Wound, Ostomy and Continence Nursing",55,Journals,0.685,Q1
1044-579X,Seminars in Cancer Biology,157,Journals,2.910,Q1
0003-9861,Archives of Biochemistry and Biophysics,177,Journals,0.826,Q3
1476-9271,Computational Biology and Chemistry,61,Journals,0.481,Q4
1178-203X,NA,NA,NA,NA,NA
0003-3022,Anesthesiology,245,Journals,1.648,Q1
0079-6468,Progress in Medicinal Chemistry,36,Journals,0.523,Q3
1051-0443,Journal of Vascular and Interventional Radiology,137,Journals,0.914,Q1
1474-4422,"Lancet Neurology, The",315,Journals,11.674,Q1
1818-0876,Asian Journal of Pharmaceutical Sciences,48,Journals,1.175,Q1
0083-6729,Vitamins and Hormones,75,Journals,0.939,Q2
0962-1083,Molecular Ecology,235,Journals,1.960,Q1
0074-7696,NA,NA,NA,NA,NA
2631-827X,Crohn's and Colitis 360,5,Journals,0.376,Q3
0366-6999,Chinese Medical Journal,68,Journals,0.668,Q2
1297-9716,Veterinary Research,109,Journals,0.826,Q1
0889-8537,NA,NA,NA,NA,NA
1056-8719,Journal of Pharmacological and Toxicological Methods,75,Journals,0.507,Q3
1757-4749,Gut Pathogens,46,Journals,1.037,Q2
2053-3624,Open Heart,34,Journals,0.911,Q2
1178-6973,Infection and Drug Resistance,44,Journals,0.944,Q1
0014-4886,Experimental Neurology,195,Journals,1.478,Q1
0021-9150,Atherosclerosis,177,Journals,1.399,Q1
1665-2681,Annals of Hepatology,56,Journals,0.676,Q2
0002-9149,American Journal of Cardiology,224,Journals,1.115,Q1
0031-9422,Phytochemistry,186,Journals,0.763,Q1
1471-2318,BMC Geriatrics,77,Journals,1.153,Q1
1090-0233,Veterinary Journal,113,Journals,0.838,Q1
1467-7644,Plant Biotechnology Journal,124,Journals,2.699,Q1
2397-0642,Global Health Research and Policy,19,Journals,1.275,Q1
1178-7007,"Diabetes, Metabolic Syndrome and Obesity: Targets and Therapy",50,Journals,0.685,Q2
2213-0489,Leukemia Research Reports,13,Journals,0.258,Q4
0253-7613,Indian Journal of Pharmacology,62,Journals,0.400,Q3
0269-2813,Alimentary Pharmacology and Therapeutics,186,Journals,2.850,Q1
1442-2050,Diseases of the Esophagus,67,Journals,0.839,Q2
2214-9112,Case Reports in Women's Health,9,Journals,0.318,Q3
1471-2296,BMC Family Practice,75,Journals,0.836,Q1
2468-1113,Computational Toxicology,15,Journals,0.631,Q2
0022-3549,Journal of Pharmaceutical Sciences,186,Journals,0.625,Q2
0277-3732,American Journal of Clinical Oncology: Cancer Clinical Trials,81,Journals,0.795,Q2
1050-4648,Fish and Shellfish Immunology,130,Journals,1.091,Q1
1664-462X,Frontiers in Plant Science,155,Journals,1.359,Q1
2297-055X,Frontiers in Cardiovascular Medicine,44,Journals,1.443,Q1
0973-3698,Indian Journal of Rheumatology,13,Journals,0.215,Q4
0944-5013,Microbiological Research,94,Journals,1.110,Q2
0160-2446,Journal of Cardiovascular Pharmacology,104,Journals,0.694,Q2
1476-4598,Molecular Cancer,146,Journals,6.896,Q1
0103-507X,Revista Brasileira de Terapia Intensiva,23,Journals,0.521,Q2
0093-691X,Theriogenology,137,Journals,0.685,Q1
0079-6107,Progress in Biophysics and Molecular Biology,113,Journals,1.001,Q2
0905-6947,Indoor Air,108,Journals,1.130,Q1
1742-4682,Theoretical Biology and Medical Modelling,49,Journals,0.594,Q2
2468-0249,Kidney International Reports,30,Journals,1.239,Q1
8755-7223,Journal of Professional Nursing,56,Journals,0.685,Q1
2352-0132,International Journal of Nursing Sciences,23,Journals,0.736,Q1
2666-3899,Patterns,11,Journals,0.775,Q2
0261-4189,EMBO Journal,405,Journals,5.633,Q1
0039-6060,Surgery,169,Journals,1.236,Q1
2090-7907,NA,NA,NA,NA,NA
1110-7243,NA,NA,NA,NA,NA
1468-5833,NA,NA,NA,NA,NA
1471-2377,BMC Neurology,82,Journals,0.772,Q2
1226-086X,Journal of Industrial and Engineering Chemistry,113,Journals,0.995,Q1
0973-6883,Journal of Clinical and Experimental Hepatology,39,Journals,0.718,Q3
1550-7416,AAPS Journal,118,Journals,0.748,Q1
0385-5600,Microbiology and Immunology,74,Journals,0.565,Q3
2036-7449,Infectious Disease Reports,19,Journals,0.385,Q3
2405-805X,Synthetic and Systems Biotechnology,25,Journals,0.928,Q2
2049-0801,Annals of Medicine and Surgery,30,Journals,0.373,Q3
0196-9781,Peptides,127,Journals,0.873,Q2
1438-4221,International Journal of Medical Microbiology,98,Journals,0.979,Q2
2052-8817,NA,NA,NA,NA,NA
1935-861X,Brain Stimulation,89,Journals,2.352,Q1
1072-7515,Journal of the American College of Surgeons,186,Journals,1.711,Q1
0733-8651,Cardiology Clinics,57,Journals,0.540,Q2
1368-8375,Oral Oncology,121,Journals,1.421,Q1
2057-1577,Virus Evolution,29,Journals,2.256,Q1
2451-9294,Chem,102,Journals,6.073,Q1
2590-1702,NA,NA,NA,NA,NA
2214-7500,Toxicology Reports,46,Journals,0.807,Q1
1439-0442,Zeitschrift fur Gastroenterologie,60,Journals,0.253,Q3
0039-6109,Surgical Clinics of North America,91,Journals,0.687,Q2
2296-634X,Frontiers in Cell and Developmental Biology,67,Journals,1.440,Q1
1549-9634,"Nanomedicine: Nanotechnology, Biology, and Medicine",133,Journals,1.019,Q1
1521-6942,Best Practice and Research in Clinical Rheumatology,105,Journals,1.258,Q1
2405-4569,European Urology Focus,34,Journals,1.453,Q1
0731-7085,Journal of Pharmaceutical and Biomedical Analysis,133,Journals,0.657,Q2
0960-0760,Journal of Steroid Biochemistry and Molecular Biology,133,Journals,1.072,Q2
1471-2180,BMC Microbiology,120,Journals,0.916,Q2
1364-5072,Journal of Applied Microbiology,167,Journals,0.792,Q2
2211-3649,Journal of Obsessive-Compulsive and Related Disorders,32,Journals,0.667,Q2
0261-5614,Clinical Nutrition,150,Journals,1.553,Q1
1750-9378,Infectious Agents and Cancer,39,Journals,0.837,Q2
2198-6096,Current Trauma Reports,10,Journals,0.201,Q3
1936-878X,JACC: Cardiovascular Imaging,132,Journals,5.914,Q1
0065-2164,Advances in Applied Microbiology,77,Book Series,0.878,Q1
1934-5909,Cell Stem Cell,266,Journals,7.935,Q1
1749-8546,Chinese Medicine,45,Journals,0.833,Q2
2359-7232,NA,NA,NA,NA,NA
2075-1729,Life,40,Journals,0.588,Q3
1173-8804,BioDrugs,71,Journals,1.539,Q1
0889-8545,Obstetrics and Gynecology Clinics of North America,64,Journals,1.992,Q1
1672-9145,Acta Biochimica et Biophysica Sinica,62,Journals,0.677,Q2
0033-3506,Public Health,80,Journals,0.973,Q1
0969-9961,Neurobiology of Disease,175,Journals,1.988,Q1
0026-0495,Metabolism: Clinical and Experimental,145,Journals,2.733,Q1
0975-9476,Journal of Ayurveda and Integrative Medicine,29,Journals,0.413,Q3
0167-9317,Microelectronic Engineering,104,Journals,0.561,Q2
1084-2756,NA,NA,NA,NA,NA
2001-6689,NA,NA,NA,NA,NA
1512-7680,NA,NA,NA,NA,NA
2000-8686,Infection Ecology and Epidemiology,17,Journals,0.974,Q2
0167-4889,Biochimica et Biophysica Acta - Molecular Cell Research,182,Journals,1.251,Q2
1353-8020,Parkinsonism and Related Disorders,105,Journals,1.093,Q1
1178-2021,NA,NA,NA,NA,NA
0899-9007,Nutrition,150,Journals,0.892,Q1
1071-9164,Journal of Cardiac Failure,111,Journals,1.428,Q1
2095-2546,Journal of Sport and Health Science,47,Journals,1.401,Q1
0019-2805,Immunology,142,Journals,2.220,Q1
2210-2612,International Journal of Surgery Case Reports,23,Journals,0.198,Q3
1754-9493,Patient Safety in Surgery,26,Journals,0.845,Q1
2512-9465,NA,NA,NA,NA,NA
0165-5728,Journal of Neuroimmunology,145,Journals,0.837,Q2
2352-3441,Arthroplasty Today,18,Journals,0.809,Q1
0364-5134,Annals of Neurology,308,Journals,3.876,Q1
0960-9776,Breast,85,Journals,1.162,Q1
0891-5849,Free Radical Biology and Medicine,277,Journals,1.562,Q1
2590-1133,Global Epidemiology,6,Journals,0.519,Q2
2516-4236,Antibody Therapeutics,12,Journals,1.603,Q1
1525-5050,Epilepsy and Behavior,110,Journals,0.876,Q2
0099-2399,Journal of Endodontics,160,Journals,1.599,Q1
1742-7061,Acta Biomaterialia,207,Journals,1.661,Q1
0022-5223,Journal of Thoracic and Cardiovascular Surgery,201,Journals,1.389,Q1
0300-9475,Scandinavian Journal of Immunology,90,Journals,0.811,Q2
2213-333X,Journal of Vascular Surgery: Venous and Lymphatic Disorders,34,Journals,0.774,Q1
0011-3840,Current Problems in Surgery,46,Journals,0.562,Q2
0892-1997,Journal of Voice,94,Journals,0.515,Q2
2191-219X,EJNMMI Research,43,Journals,0.780,Q2
1553-7404,PLoS Genetics,244,Journals,2.700,Q1
0898-6568,Cellular Signalling,156,Journals,1.167,Q2
0344-0338,Pathology Research and Practice,62,Journals,0.637,Q2
0304-4165,Biochimica et Biophysica Acta - General Subjects,167,Journals,0.904,Q2
2213-2317,Redox Biology,105,Journals,2.191,Q1
2192-2640,Advanced healthcare materials,105,Journals,2.015,Q1
2223-7747,Plants,47,Journals,0.765,Q1
0925-4439,Biochimica et Biophysica Acta - Molecular Basis of Disease,162,Journals,1.415,Q1
2160-1836,"G3: Genes, Genomes, Genetics",70,Journals,1.090,Q2
1836-9553,Journal of Physiotherapy,75,Journals,1.291,Q1
1941-5923,American Journal of Case Reports,20,Journals,0.264,Q3
0959-4493,Veterinary Dermatology,64,Journals,0.479,Q2
1471-2415,BMC Ophthalmology,49,Journals,0.788,Q2
1058-9813,Progress in Pediatric Cardiology,33,Journals,0.159,Q4
1542-3565,Clinical Gastroenterology and Hepatology,183,Journals,2.691,Q1
1866-0452,Deutsches A&#x0308;rzteblatt international,67,Journals,0.510,Q2
0740-0020,Food Microbiology,128,Journals,1.131,Q1
0168-1656,Journal of Biotechnology,164,Journals,0.637,Q2
0301-0546,Allergologia et Immunopathologia,39,Journals,0.438,Q3
1863-1959,Zoonoses and Public Health,69,Journals,0.773,Q1
2452-3186,Current Research in Translational Medicine,61,Journals,0.749,Q2
1860-7179,ChemMedChem,106,Journals,0.735,Q1
0041-0101,Toxicon,133,Journals,0.497,Q3
1740-6757,Drug Discovery Today: Disease Models,28,Journals,0.487,Q3
1940-087X,Journal of Visualized Experiments,105,Journals,0.504,Q3
1862-8346,Proteomics - Clinical Applications,56,Journals,0.688,Q2
0378-3758,Journal of Statistical Planning and Inference,79,Journals,0.688,Q2
2055-0278,NA,NA,NA,NA,NA
1521-6926,Best Practice and Research in Clinical Haematology,76,Journals,1.083,Q2
0963-9969,Food Research International,177,Journals,1.248,Q1
0065-2296,Advances in Botanical Research,67,Book Series,0.445,Q2
2035-3006,Mediterranean Journal of Hematology and Infectious Diseases,34,Journals,0.524,Q3
2196-5412,Current Environmental Health Reports,50,Journals,1.935,Q1
1574-1400,Annual Reports in Computational Chemistry,29,Book Series,0.328,Q3
2079-4991,Nanomaterials,80,Journals,0.839,Q1
0006-3592,Biotechnology and Bioengineering,198,Journals,0.883,Q1
1079-2104,NA,NA,NA,NA,NA
0167-5699,NA,NA,NA,NA,NA
2210-8033,Journal of Herbal Medicine,26,Journals,0.417,Q2
2590-1532,Cytokine: X,5,Journals,0.834,Q3
0029-7844,Obstetrics and Gynecology,231,Journals,2.024,Q1
2319-4170,Biomedical Journal,39,Journals,1.403,Q1
2470-9468,Science immunology,73,Journals,11.962,Q1
0167-9473,Computational Statistics and Data Analysis,118,Journals,1.016,Q2
0022-4804,Journal of Medicinal Chemistry,276,Journals,1.888,Q1
2045-0915,CNS oncology,23,Journals,0.921,Q2
1874-1924,Open Cardiovascular Medicine Journal,28,Journals,0.259,Q3
0065-2423,Advances in Clinical Chemistry,53,Journals,1.881,Q1
0105-2896,Immunological Reviews,234,Journals,4.801,Q1
2072-666X,Micromachines,52,Journals,0.577,Q2
2352-4642,"Lancet Child and Adolescent Health, The",43,Journals,4.385,Q1
2076-2607,Microorganisms,49,Journals,0.862,Q3
2468-2667,"Lancet Public Health, The",62,Journals,11.372,Q1
1631-0691,Comptes Rendus - Biologies,87,Journals,0.389,Q3
2053-1273,NA,NA,NA,NA,NA
2639-5274,Research,29,Journals,2.071,Q1
0425-1644,Equine Veterinary Journal,92,Journals,0.835,Q2
2332-7812,Neurology: Neuroimmunology and NeuroInflammation,54,Journals,2.453,Q1
0213-005X,Enfermedades Infecciosas y Microbiologia Clinica,44,Journals,0.277,Q4
1178-7090,Journal of Pain Research,55,Journals,0.655,Q2
1837-9664,Journal of Cancer,65,Journals,0.904,Q2
1745-9974,Cough,31,Journals,1.764,Q1
1579-2129,Archivos de Bronconeumologia,52,Journals,0.262,Q3
0002-9610,American Journal of Surgery,159,Journals,0.870,Q1
0972-6292,Indian Pacing and Electrophysiology Journal,27,Journals,0.354,Q3
0367-326X,Fitoterapia,110,Journals,0.568,Q2
2166-5052,NA,NA,NA,NA,NA
1471-2164,BMC Genomics,177,Journals,1.258,Q1
0818-9641,Immunology and Cell Biology,110,Journals,1.603,Q1
2076-3921,Antioxidants,61,Journals,1.008,Q2
2452-2473,Turkish Journal of Emergency Medicine,13,Journals,0.902,Q1
0015-0282,Fertility and Sterility,217,Journals,1.895,Q1
0309-0167,Histopathology,129,Journals,1.644,Q1
0422-7638,NA,NA,NA,NA,NA
1776-1042,Parasite,48,Journals,0.777,Q1
1341-321X,Journal of Infection and Chemotherapy,64,Journals,0.588,Q2
1478-6729,Epidemiologic Reviews,111,Journals,3.173,Q1
2687-8941,JCO Global Oncology,12,Journals,1.302,Q1
1678-9199,Journal of Venomous Animals and Toxins Including Tropical Diseases,32,Journals,0.419,Q3
2213-3437,Journal of Environmental Chemical Engineering,90,Journals,1.042,Q1
1746-6148,BMC Veterinary Research,66,Journals,0.650,Q1
2054-5703,Royal Society Open Science,59,Journals,0.758,Q1
0147-9563,Heart and Lung: Journal of Acute and Critical Care,74,Journals,0.639,Q2
1444-0903,Internal Medicine Journal,74,Journals,0.590,Q2
2452-3100,Current Opinion in Systems Biology,26,Journals,1.420,Q1
1226-3613,Experimental and Molecular Medicine,91,Journals,2.645,Q1
1432-2196,Der Pathologe,27,Journals,0.187,Q4
0908-665X,Xenotransplantation,63,Journals,0.797,Q2
2405-6308,Clinical and Translational Radiation Oncology,23,Journals,1.363,Q1
0360-8352,Computers and Industrial Engineering,136,Journals,1.775,Q1
0001-2092,AORN Journal,46,Journals,0.179,Q3
1075-2765,American Journal of Therapeutics,63,Journals,0.406,Q3
0002-9440,American Journal of Pathology,289,Journals,1.619,Q1
1472-6483,Reproductive BioMedicine Online,118,Journals,1.171,Q1
2468-7847,Journal of Gynecology Obstetrics and Human Reproduction,38,Journals,0.551,Q2
1529-7535,Pediatric Critical Care Medicine,92,Journals,0.982,Q1
1352-0504,Journal of Viral Hepatitis,102,Journals,1.034,Q2
1664-8021,Frontiers in Genetics,93,Journals,1.096,Q2
2474-9842,BJS open,17,Journals,1.134,Q1
0973-7847,Pharmacognosy Reviews,54,Journals,0.654,Q2
0145-2126,Leukemia Research,90,Journals,0.865,Q2
0003-4932,Annals of Surgery,322,Journals,3.532,Q1
0165-5876,International Journal of Pediatric Otorhinolaryngology,82,Journals,0.579,Q2
2196-5471,Current Clinical Microbiology Reports,22,Journals,0.839,Q2
0378-5173,International Journal of Pharmaceutics,229,Journals,1.000,Q1
1047-9651,Physical Medicine and Rehabilitation Clinics of North America,63,Journals,0.508,Q2
2224-4018,Journal of Translational Internal Medicine,2,Journals,0.115,Q4
0955-2863,Journal of Nutritional Biochemistry,139,Journals,1.152,Q1
1094-7159,Neuromodulation,64,Journals,0.787,Q2
1398-2273,Transplant Infectious Disease,70,Journals,0.536,Q2
1056-8727,Journal of Diabetes and its Complications,88,Journals,1.057,Q1
0014-2980,European Journal of Immunology,209,Journals,1.831,Q1
1538-1145,Journal of Psychiatric Practice,56,Journals,0.405,Q3
0041-1337,Transplantation,208,Journals,1.407,Q1
1757-594X,F1000 Biology Reports,31,Journals,2.122,Q1
2210-7401,Clinics and Research in Hepatology and Gastroenterology,59,Journals,0.585,Q3
0890-5096,Annals of Vascular Surgery,75,Journals,0.511,Q2
0749-3797,American Journal of Preventive Medicine,229,Journals,2.208,Q1
2640-4567,NA,NA,NA,NA,NA
1476-511X,Lipids in Health and Disease,79,Journals,0.918,Q2
0308-8146,Food Chemistry,281,Journals,1.489,Q1
0091-7435,Preventive Medicine,179,Journals,1.406,Q1
1349-4147,Tropical Medicine and Health,26,Journals,0.912,Q1
1051-2276,Journal of Renal Nutrition,60,Journals,1.158,Q1
2045-7022,Clinical and Translational Allergy,42,Journals,1.023,Q1
1297-319X,Joint Bone Spine,83,Journals,0.798,Q2
0958-0670,Experimental Physiology,105,Journals,0.732,Q2
1174-5886,Drugs in R and D,47,Journals,0.665,Q2
1746-630X,Current Opinion in HIV and AIDS,69,Journals,1.691,Q2
2046-0481,Irish Veterinary Journal,33,Journals,0.589,Q1
2220-3141,NA,NA,NA,NA,NA
1324-4272,Microbiology Australia,6,Journals,0.309,Q3
2590-0595,Kidney Medicine,12,Journals,0.876,Q1
2221-1691,Asian Pacific Journal of Tropical Biomedicine,67,Journals,0.291,Q3
2048-7207,Journal of the Pediatric Infectious Diseases Society,37,Journals,1.236,Q1
1545-5009,Pediatric Blood and Cancer,112,Journals,1.009,Q1
2157-3999,PLoS Currents,54,Journals,0.282,Q3
0021-9258,Journal of Biological Chemistry,528,Journals,1.871,Q1
1756-0381,BioData Mining,32,Journals,0.701,Q3
1748-0132,Nano Today,155,Journals,3.890,Q1
0278-2391,Journal of Oral and Maxillofacial Surgery,126,Journals,0.733,Q1
0976-5662,Journal of Clinical Orthopaedics and Trauma,28,Journals,0.485,Q3
1664-0640,Frontiers in Psychiatry,81,Journals,1.279,Q1
0144-8617,Carbohydrate Polymers,228,Journals,1.612,Q1
2161-8313,Advances in Nutrition,103,Journals,2.146,Q1
1525-8610,Journal of the American Medical Directors Association,102,Journals,2.023,Q1
1471-2261,BMC Cardiovascular Disorders,61,Journals,0.675,Q2
1747-0277,Chemical Biology and Drug Design,82,Journals,0.460,Q3
2058-8615,NA,NA,NA,NA,NA
0031-3939,Pediatria Polska,11,Journals,0.123,Q4
1529-1049,Clinical and Applied Immunology Reviews,19,Journals,0.203,Q4
0079-6484,Progress in molecular and subcellular biology,45,Journals,1.112,Q1
2468-5194,Materials Today Chemistry,36,Journals,1.271,Q1
2251-7200,Journal of Biomedical Physics and Engineering,15,Journals,0.315,Q3
1525-7304,Clinical Lung Cancer,63,Journals,1.202,Q1
1877-1173,Progress in Molecular Biology and Translational Science,103,Journals,1.084,Q2
1465-3621,Japanese Journal of Clinical Oncology,89,Journals,0.679,Q2
1568-1637,Ageing Research Reviews,131,Journals,2.437,Q1
0009-9260,Clinical Radiology,97,Journals,0.749,Q2
1078-1439,Urologic Oncology: Seminars and Original Investigations,74,Journals,0.818,Q1
1179-7282,NA,NA,NA,NA,NA
0301-2115,"European Journal of Obstetrics, Gynecology and Reproductive Biology",104,Journals,0.635,Q2
1681-715X,Pakistan Journal of Medical Sciences,36,Journals,0.422,Q3
1472-6807,BMC Structural Biology,57,Journals,0.797,Q3
2045-709X,Chiropractic and Manual Therapies,35,Journals,0.483,Q2
0007-1048,British Journal of Haematology,194,Journals,1.677,Q1
1741-7007,BMC Biology,111,Journals,2.673,Q1
0951-7375,Current Opinion in Infectious Diseases,108,Journals,1.578,Q1
2212-4403,"Oral Surgery, Oral Medicine, Oral Pathology and Oral Radiology",126,Journals,0.570,Q2
0169-2607,Computer Methods and Programs in Biomedicine,115,Journals,1.329,Q1
1480-9222,Biological Procedures Online,39,Journals,1.332,Q1
0163-8343,General Hospital Psychiatry,109,Journals,1.446,Q1
2213-3984,Clinical Epidemiology and Global Health,20,Journals,0.371,Q3
1976-670X,BMB Reports,83,Journals,1.177,Q2
1369-8486,Studies in History and Philosophy of Science Part C :Studies in History and Philosophy of Biological and Biomedical Sciences,43,Journals,0.238,Q4
1735-5362,Research in Pharmaceutical Sciences,33,Journals,0.568,Q1
0027-9684,Journal of the National Medical Association,75,Journals,0.640,Q2
1557-6272,Evidence-Based Child Health,24,Journals,0.821,Q2
2212-4209,International Journal of Disaster Risk Reduction,58,Journals,1.096,Q1
2373-8731,Transplantation Direct,13,Journals,0.728,Q2
0090-4295,Urology,182,Journals,0.604,Q2
0968-4328,Micron,88,Journals,0.499,Q3
1084-9521,Seminars in Cell and Developmental Biology,151,Journals,2.198,Q1
0140-7783,Journal of Veterinary Pharmacology and Therapeutics,62,Journals,0.425,Q2
8756-3282,Bone,209,Journals,1.086,Q2
0003-2670,Analytica Chimica Acta,213,Journals,1.105,Q1
2666-5018,NA,NA,NA,NA,NA
0363-0188,Current Problems in Diagnostic Radiology,34,Journals,0.377,Q3
1876-2859,Academic Pediatrics,80,Journals,0.962,Q1
0882-5734,Flavour and Fragrance Journal,72,Journals,0.446,Q2
0956-5663,Biosensors and Bioelectronics,205,Journals,2.113,Q1
2287-3740,NA,NA,NA,NA,NA
1360-1385,Trends in Plant Science,278,Journals,3.483,Q1
0040-1625,Technological Forecasting and Social Change,134,Journals,2.336,Q1
1170-229X,Drugs and Aging,99,Journals,1.048,Q1
2195-7819,"Life Sciences, Society and Policy",18,Journals,0.608,Q1
0197-4572,Geriatric Nursing,45,Journals,0.553,Q2
1752-153X,Chemistry Central Journal,64,Journals,0.573,Q2
0305-7372,Cancer Treatment Reviews,142,Journals,3.214,Q1
0749-2081,Seminars in Oncology Nursing,49,Journals,0.669,Q1
2196-9736,NA,NA,NA,NA,NA
1328-8067,Pediatrics International,65,Journals,0.415,Q2
1471-5953,Nurse Education in Practice,53,Journals,0.775,Q1
0022-2011,Journal of Invertebrate Pathology,93,Journals,0.584,Q2
2149-2263,Anatolian journal of cardiology,32,Journals,0.354,Q3
2561-6722,JMIR Pediatrics and Parenting,11,Journals,0.780,Q1
2522-8307,NA,NA,NA,NA,NA
1557-0576,Journal of Neurologic Physical Therapy,55,Journals,0.936,Q1
0161-5890,Molecular Immunology,134,Journals,1.005,Q2
0029-6554,Nursing Outlook,61,Journals,0.735,Q1
1551-7136,Heart Failure Clinics,43,Journals,0.651,Q2
0148-2963,Journal of Business Research,217,Journals,2.316,Q1
0009-9236,Clinical Pharmacology and Therapeutics,195,Journals,1.689,Q1
1478-4505,Health Research Policy and Systems,55,Journals,1.292,Q1
2364-8961,NA,NA,NA,NA,NA
1755-7682,International Archives of Medicine,28,Journals,0.109,Q4
2052-4463,Scientific data,80,Journals,2.468,Q1
1631-0748,Comptes Rendus Chimie,79,Journals,0.547,Q2
1752-4571,Evolutionary Applications,74,Journals,1.497,Q1
0079-6700,Progress in Polymer Science,296,Journals,5.886,Q1
1996-1944,Materials,128,Journals,0.604,Q2
2212-9588,Advances in Integrative Medicine,12,Journals,0.331,Q2
1460-2229,Family Practice,103,Journals,0.793,Q1
0891-3668,Pediatric Infectious Disease Journal,145,Journals,1.104,Q1
2327-8994,NA,NA,NA,NA,NA
2253-1572,NA,NA,NA,NA,NA
2056-6646,NA,NA,NA,NA,NA
2576-2095,NA,NA,NA,NA,NA
1878-7657,European Geriatric Medicine,27,Journals,0.670,Q2
0100-879X,Brazilian Journal of Medical and Biological Research,91,Journals,0.522,Q3
0350-199X,Medicinski Arhiv,26,Journals,0.294,Q3
0077-8923,Annals of the New York Academy of Sciences,261,Journals,1.520,Q1
2398-0648,NA,NA,NA,NA,NA
2405-4577,Clinical Nutrition ESPEN,23,Journals,0.617,Q2
